--
-- Script was generated by Devart dbForge Data Generator for SQL Server, Version 4.2.76.0
-- Product Home Page: http://www.devart.com/dbforge/sql/data-generator/
-- Script date 12/10/2021 9:42:41 PM
-- Target server version: 15.00.2000
-- Target connection string: Data Source=NGA\SQLEXPRESS;Integrated Security=True;User ID=NGA\Admin
--



SET LANGUAGE 'English'
SET DATEFORMAT ymd
SET ARITHABORT, ANSI_PADDING, ANSI_WARNINGS, CONCAT_NULL_YIELDS_NULL, QUOTED_IDENTIFIER, ANSI_NULLS, NOCOUNT ON
SET NUMERIC_ROUNDABORT, IMPLICIT_TRANSACTIONS, XACT_ABORT OFF
GO

--
-- Backing up database HT_DHCH_ONLINE
--
--
-- Create backup folder
--
IF OBJECT_ID('xp_create_subdir') IS NOT NULL
  EXEC xp_create_subdir N'C:\Program Files\Microsoft SQL Server\MSSQL15.SQLEXPRESS\MSSQL\Backup'
--
-- Backup database to the file with the name: <database_name>_<yyyy>_<mm>_<dd>_<hh>_<mi>.bak
--
DECLARE @db_name SYSNAME
SET @db_name = N'HT_DHCH_ONLINE'

DECLARE @filepath NVARCHAR(4000)
SET @filepath =
/*define base part*/ N'C:\Program Files\Microsoft SQL Server\MSSQL15.SQLEXPRESS\MSSQL\Backup\' + @db_name + '_' +
/*append date*/ REPLACE(CONVERT(NVARCHAR(10), GETDATE(), 102), '.', '_') + '_' +
/*append time*/ REPLACE(CONVERT(NVARCHAR(5), GETDATE(), 108), ':', '_') + '.bak'

DECLARE @SQL NVARCHAR(MAX)
SET @SQL = 
    N'BACKUP DATABASE ' + QUOTENAME(@db_name) + ' TO DISK = @filepath WITH INIT' + 
      CASE WHEN EXISTS(
                SELECT value
                FROM sys.configurations
                WHERE name = 'backup compression default'
          )
        THEN ', COMPRESSION'
        ELSE ''
      END

EXEC sys.sp_executesql @SQL, N'@filepath NVARCHAR(4000)', @filepath = @filepath
GO

USE HT_DHCH_ONLINE
GO

IF DB_NAME() <> N'HT_DHCH_ONLINE' SET NOEXEC ON
GO

--
-- Disabling DML triggers for dbo.DoiTac
--
--DISABLE TRIGGER ALL ON dbo.DoiTac
--GO
--
----
---- Disabling DML triggers for dbo.ChiNhanh
----
--DISABLE TRIGGER ALL ON dbo.ChiNhanh
--GO
--
----
---- Disabling DML triggers for dbo.CT_DonHang
----
--DISABLE TRIGGER ALL ON dbo.CT_DonHang
--GO
--
-- Delete data from the table 'dbo.HopDong'
--
TRUNCATE TABLE dbo.HopDong
GO
--
-- Delete data from the table 'dbo.CT_TTDH'
--
TRUNCATE TABLE dbo.CT_TTDH
GO
--
-- Delete data from the table 'dbo.CT_DonHang'
--
TRUNCATE TABLE dbo.CT_DonHang
GO
--
-- Delete data from the table 'dbo.CN_SP'
--
TRUNCATE TABLE dbo.CN_SP
GO
--
-- Delete data from the table 'dbo.DonHang'
--
DELETE dbo.DonHang
GO
--
-- Delete data from the table 'dbo.ChiNhanh'
--
DELETE dbo.ChiNhanh
GO
--
-- Delete data from the table 'dbo.TinhTrangDH'
--
DELETE dbo.TinhTrangDH
GO
--
-- Delete data from the table 'dbo.TaiXe'
--
DELETE dbo.TaiXe
GO
--
-- Delete data from the table 'dbo.SanPham'
--
DELETE dbo.SanPham
GO
--
-- Delete data from the table 'dbo.KhachHang'
--
DELETE dbo.KhachHang
GO
--
-- Delete data from the table 'dbo.DoiTac'
--
DELETE dbo.DoiTac
GO

--
-- Inserting data into table dbo.DoiTac
--
INSERT dbo.DoiTac(MaDT, pword, MSThue, TenDT, TenNgDaiDien, ThanhPho, Quan, LoaiHang, DiaChi, Email) VALUES ('0000000000', '0930000000', 'MST0000000', N'Federal High-Technologies Co.', N'Trần Duy Phong ', N'Hà Nội', N'Hoàng Mai', N'Baby', N'69 Trần Xuân Soạn, Phường 4, Quận 3, TP.HCM', 'FHTC@email.com')
INSERT dbo.DoiTac(MaDT, pword, MSThue, TenDT, TenNgDaiDien, ThanhPho, Quan, LoaiHang, DiaChi, Email) VALUES ('0000000001', '0930000001', 'MST0000001', N'Professional Broadcasting Co.', N'Lưu Hồng Hồng Chi ', N'TP.HCM', N'Quận 7', N'Tools', N'724 Nam Kỳ Khởi Nghĩa, Phường 5, Nam Từ Liêm, Hà Nội', 'PBC@email.com')
INSERT dbo.DoiTac(MaDT, pword, MSThue, TenDT, TenNgDaiDien, ThanhPho, Quan, LoaiHang, DiaChi, Email) VALUES ('0000000002', '0930000002', 'MST0000002', N'South Devices Corporation', N'Hứa Hùng Vinh ', N'TP.HCM', N'Quận 1', N'Sports', N'97 Cầu Sơn, Phường 4, Quận 7, TP.HCM', 'SDC@email.com')
INSERT dbo.DoiTac(MaDT, pword, MSThue, TenDT, TenNgDaiDien, ThanhPho, Quan, LoaiHang, DiaChi, Email) VALUES ('0000000003', '0930000003', 'MST0000003', N'South High-Technologies Inc.', N'Đinh Hoài Phong ', N'TP.HCM', N'Quận 10', N'Garden', N'49 Cầu Đồng Nai, Phường 4, Quận 1, TP.HCM', 'SHTI@email.com')
INSERT dbo.DoiTac(MaDT, pword, MSThue, TenDT, TenNgDaiDien, ThanhPho, Quan, LoaiHang, DiaChi, Email) VALUES ('0000000004', '0930000004', 'MST0000004', N'Western Space Research Inc.', N'Đoàn Đình Xuân Oanh ', N'Hà Nội', N'Thanh Xuân', N'Crafts', N'162 Nhiêu Tứ, Phường 5, Quận 4, TP.HCM', 'WSRI@email.com')
INSERT dbo.DoiTac(MaDT, pword, MSThue, TenDT, TenNgDaiDien, ThanhPho, Quan, LoaiHang, DiaChi, Email) VALUES ('0000000005', '0930000005', 'MST0000005', N'General Nuclear Energy Inc.', N'Trần Tuấn Thanh Vy ', N'Hà Nội', N'Thanh Xuân', N'Jewelry', N'14 An Điềm, Phường 14, Cầu Giấy, Hà Nội', 'GNEI@email.com')
INSERT dbo.DoiTac(MaDT, pword, MSThue, TenDT, TenNgDaiDien, ThanhPho, Quan, LoaiHang, DiaChi, Email) VALUES ('0000000006', '0930000006', 'MST0000006', N'City Instruments Corporation', N'Hoàng An Thị Tú ', N'TP.HCM', N'Quận 5', N'Gifts', N'14 Quốc Lộ 13, Phường 4, Thanh Xuân, Hà Nội', 'CIC@email.com')
INSERT dbo.DoiTac(MaDT, pword, MSThue, TenDT, TenNgDaiDien, ThanhPho, Quan, LoaiHang, DiaChi, Email) VALUES ('0000000007', '0930000007', 'MST0000007', N'Advanced High-Technologies Group', N'Đặng Anh Nguyên ', N'TP.HCM', N'Quận 9', N'Computers', N'476 rần Văn Kiểu, Phường 13, Bắc Từ Liêm, Hà Nội', 'AHTG@email.com')
INSERT dbo.DoiTac(MaDT, pword, MSThue, TenDT, TenNgDaiDien, ThanhPho, Quan, LoaiHang, DiaChi, Email) VALUES ('0000000008', '0930000008', 'MST0000008', N'Western Laboratories Corporation', N'Phan Hồng Đình Hân ', N'TP.HCM', N'Quận 3', N'Electronics', N'860 Tuệ Tĩnh, Phường 1, Quận 12, TP.HCM', 'WLC@email.com')
INSERT dbo.DoiTac(MaDT, pword, MSThue, TenDT, TenNgDaiDien, ThanhPho, Quan, LoaiHang, DiaChi, Email) VALUES ('0000000009', '0930000009', 'MST0000009', N'Creative Thermal Resources Co.', N'Trương Thị Bá Ngọc ', N'Hà Nội', N'Đống Đa', N'Furniture', N'991 Nguyễn Văn Nghi, Phường 4, Quận 1, TP.HCM', 'CTRC@email.com')
INSERT dbo.DoiTac(MaDT, pword, MSThue, TenDT, TenNgDaiDien, ThanhPho, Quan, LoaiHang, DiaChi, Email) VALUES ('0000000010', '0930000010', 'MST0000010', N'Australian Petroleum Corporation', N'Phan Thụy Lợi ', N'TP.HCM', N'Quận 1', N'Games', N'28 Nguyễn Thị Diệu Hương, Phường 2, Ba Đình, Hà Nội', 'APC@email.com')
INSERT dbo.DoiTac(MaDT, pword, MSThue, TenDT, TenNgDaiDien, ThanhPho, Quan, LoaiHang, DiaChi, Email) VALUES ('0000000011', '0930000011', 'MST0000011', N'Global Instruments Co.', N'Đoàn Ngọc Đức ', N'Hà Nội', N'Hai Bà Trưng', N'Outdoors', N'37 Sư Van Hạnh, Phường 1, Quận 11, TP.HCM', 'GIC@email.com')
INSERT dbo.DoiTac(MaDT, pword, MSThue, TenDT, TenNgDaiDien, ThanhPho, Quan, LoaiHang, DiaChi, Email) VALUES ('0000000012', '0930000012', 'MST0000012', N'Creative Green Resources Corporation', N'Lưu Bá Phát ', N'Hà Nội', N'Cầu Giấy', N'Movies', N'70 Sư Vạn Hạnh, Phường 5, Quận 7, TP.HCM', 'CGRC@email.com')
INSERT dbo.DoiTac(MaDT, pword, MSThue, TenDT, TenNgDaiDien, ThanhPho, Quan, LoaiHang, DiaChi, Email) VALUES ('0000000013', '0930000013', 'MST0000013', N'City High-Technologies Corporation', N'Lữ Văn Mến ', N'TP.HCM', N'Quận 2', N'Pets', N'49 Cộng Hòa, Phường 6, Quận 9, TP.HCM', 'CHTC@email.com')
INSERT dbo.DoiTac(MaDT, pword, MSThue, TenDT, TenNgDaiDien, ThanhPho, Quan, LoaiHang, DiaChi, Email) VALUES ('0000000014', '0930000014', 'MST0000014', N'Special Y-Mobile Group', N'Đỗ Trần Kim ', N'Hà Nội', N'Tây Hồ', N'Music', N'84 Thống Nhất, Phường 7, Cầu Giấy, Hà Nội', 'SYMG@email.com')
INSERT dbo.DoiTac(MaDT, pword, MSThue, TenDT, TenNgDaiDien, ThanhPho, Quan, LoaiHang, DiaChi, Email) VALUES ('0000000015', '0930000015', 'MST0000015', N'Flexible Space Explore Group', N'Mai Bảo Xuân Đức ', N'Hà Nội', N'Tây Hồ', N'Accessories', N'99 Số 99, Phường 6, Quận 10, TP.HCM', 'FSEG@email.com')
INSERT dbo.DoiTac(MaDT, pword, MSThue, TenDT, TenNgDaiDien, ThanhPho, Quan, LoaiHang, DiaChi, Email) VALUES ('0000000016', '0930000016', 'MST0000016', N'Professional Semiconductor Inc.', N'Phạm Hồng Bảo Nhật ', N'Hà Nội', N'Bắc Từ Liêm', N'Office', N'977 Võ Văn Ngân, Phường 7, Quận 3, TP.HCM', 'PSI@email.com')
INSERT dbo.DoiTac(MaDT, pword, MSThue, TenDT, TenNgDaiDien, ThanhPho, Quan, LoaiHang, DiaChi, Email) VALUES ('0000000017', '0930000017', 'MST0000017', N'Flexible 5G Wireless Co.', N'Trương Thanh Đình Khoa ', N'Hà Nội', N'Bắc Từ Liêm', N'Toys', N'966 han Kế Bính, Phường 2, Cầu Giấy, Hà Nội', 'FGWC@email.com')
INSERT dbo.DoiTac(MaDT, pword, MSThue, TenDT, TenNgDaiDien, ThanhPho, Quan, LoaiHang, DiaChi, Email) VALUES ('0000000018', '0930000018', 'MST0000018', N'Advanced F-Mobile Inc.', N'Dương Thụy Phát ', N'TP.HCM', N'Quận 1', N'Clothing', N'17 Huỳnh Văn Bánh, Phường 7, Long Biên, Hà Nội', 'AFMI@email.com')
INSERT dbo.DoiTac(MaDT, pword, MSThue, TenDT, TenNgDaiDien, ThanhPho, Quan, LoaiHang, DiaChi, Email) VALUES ('0000000019', '0930000019', 'MST0000019', N'General High-Technologies Corporation', N'Đỗ Quang Như ', N'Hà Nội', N'iêm', N'Shoes', N'506 958 Âu Cơ, Phường 6, Hoàng Mai, Hà Nội', 'GHTC@email.com')
GO

--
-- Inserting data into table dbo.KhachHang
--
INSERT dbo.KhachHang(MaKH, pword, HoTen, DiaChi, Email) VALUES (N'0930000000', '00000', N'Đoàn Thanh Bảo ', N'15 Vườn Lài, Phường 17, Quận 4, TP.HCM', 'BarneyRosado@nowhere.com')
INSERT dbo.KhachHang(MaKH, pword, HoTen, DiaChi, Email) VALUES (N'0930000001', '00001', N'Trần Vân Trúc ', N'47 Nguyễn Trọng Tuyển, Phường 3, Quận 2, TP.HCM', 'HeleneRapp92@nowhere.com')
INSERT dbo.KhachHang(MaKH, pword, HoTen, DiaChi, Email) VALUES (N'0930000002', '00002', N'Bùi Bảo Giang ', N'31 Lê Duy Nhuận, Phường 1, Hoàng Mai, Hà Nội', 'Quarles6@example.com')
INSERT dbo.KhachHang(MaKH, pword, HoTen, DiaChi, Email) VALUES (N'0930000003', '00003', N'Nguyễn Bá Trâm ', N'50 Hồ Xuân Hương, Phường 8, Ba Đình, Hà Nội', 'Desire.Guevara@nowhere.com')
INSERT dbo.KhachHang(MaKH, pword, HoTen, DiaChi, Email) VALUES (N'0930000004', '00004', N'Tạ Duy Vy ', N'349 34 Nguyễn Thị Thập, Phường 7, Quận 12, TP.HCM', 'Jacqulyn.Villa7@nowhere.com')
INSERT dbo.KhachHang(MaKH, pword, HoTen, DiaChi, Email) VALUES (N'0930000005', '00005', N'Cao Thị Đức Thế ', N'142 Trương Đình Hội, Phường 6, Quận 7, TP.HCM', 'Charita_Pettit@example.com')
INSERT dbo.KhachHang(MaKH, pword, HoTen, DiaChi, Email) VALUES (N'0930000006', '00006', N'Đoàn Hùng Chương ', N'104 Lê Thánh Tôn, Phường 16, Hoàn Kiếm, Hà Nội', 'Tyson_ESnodgrass@example.com')
INSERT dbo.KhachHang(MaKH, pword, HoTen, DiaChi, Email) VALUES (N'0930000007', '00007', N'Tô Huy Khang ', N'56 Nguyễn Duy Dương, Phường 7, Quận 9, TP.HCM', 'Shelton_Dunlap5@example.com')
INSERT dbo.KhachHang(MaKH, pword, HoTen, DiaChi, Email) VALUES (N'0930000008', '00008', N'Bùi Đình Khắc Xuân ', N'62 Chương Dương, Phường 1, Đống Đa, Hà Nội', 'Dobbs@example.com')
INSERT dbo.KhachHang(MaKH, pword, HoTen, DiaChi, Email) VALUES (N'0930000009', '00009', N'Huỳnh Vân Bình ', N'60 Nguyễn Lương Bằng, Phường 8, Quận 3, TP.HCM', 'HectorMatheny3@example.com')
INSERT dbo.KhachHang(MaKH, pword, HoTen, DiaChi, Email) VALUES (N'0930000010', '00010', N'Phan Anh Trân ', N'641 125 Bùi Đình Túy, Phường 2, Tây Hồ, Hà Nội', 'Linkous381@nowhere.com')
INSERT dbo.KhachHang(MaKH, pword, HoTen, DiaChi, Email) VALUES (N'0930000011', '00011', N'Đỗ Xuân Nguyên ', N'056 Lăng Cha Cả, Phường 4, Quận 7, TP.HCM', 'MasonMenendez797@nowhere.com')
INSERT dbo.KhachHang(MaKH, pword, HoTen, DiaChi, Email) VALUES (N'0930000012', '00012', N'Hồ Hùng Trần Ái ', N'150 Phan Anh, Phường 2, Quận 8, TP.HCM', 'Sabine_Luce7@example.com')
INSERT dbo.KhachHang(MaKH, pword, HoTen, DiaChi, Email) VALUES (N'0930000013', '00013', N'Huỳnh Ngọc Dung ', N'363 Lê Hồng Phong, Phường 8, Quận 1, TP.HCM', 'Sean_Galvez@example.com')
INSERT dbo.KhachHang(MaKH, pword, HoTen, DiaChi, Email) VALUES (N'0930000014', '00014', N'Đinh Huy Cẩm ', N'15 Sông Đáy, Phường 4, Quận 1, TP.HCM', 'Ema.Clark855@nowhere.com')
INSERT dbo.KhachHang(MaKH, pword, HoTen, DiaChi, Email) VALUES (N'0930000015', '00015', N'Trương Bá Xuân Tiến ', N'10 548 Tân Kỳ Tân Quý, Phường 6, Quận 7, TP.HCM', 'Alphonse.SSanderson1@nowhere.c')
INSERT dbo.KhachHang(MaKH, pword, HoTen, DiaChi, Email) VALUES (N'0930000016', '00016', N'Hứa Tuấn Nhung ', N'27 Âu Cơ, Phường 1, Quận 6, TP.HCM', 'Rufus_VCharlton95@example.com')
INSERT dbo.KhachHang(MaKH, pword, HoTen, DiaChi, Email) VALUES (N'0930000017', '00017', N'Hoàng Thụy Rin ', N'385 Tăng Bạt Hổ, Phường 1, Quận 3, TP.HCM', 'oqufehnf.iolou@nowhere.com')
INSERT dbo.KhachHang(MaKH, pword, HoTen, DiaChi, Email) VALUES (N'0930000018', '00018', N'Phan Ngọc Thanh Tiên ', N'546 Trịnh Đình Trọng, Phường 6, Hai Bà Trưng, Hà Nội', 'January.YPence4@example.com')
INSERT dbo.KhachHang(MaKH, pword, HoTen, DiaChi, Email) VALUES (N'0930000019', '00019', N'Phạm Tuấn Hưng ', N'305 Âu Cơ, Phường 13, Cầu Giấy, Hà Nội', 'Mims@nowhere.com')
GO

--
-- Inserting data into table dbo.SanPham
--
INSERT dbo.SanPham(MaSP, TenSP, GiaBan, SLTon) VALUES (N'000000', N'Giày cao gót', 331000, 47)
INSERT dbo.SanPham(MaSP, TenSP, GiaBan, SLTon) VALUES (N'000001', N'Áo', 480000, 22)
INSERT dbo.SanPham(MaSP, TenSP, GiaBan, SLTon) VALUES (N'000002', N'Túi ví', 271000, 43)
INSERT dbo.SanPham(MaSP, TenSP, GiaBan, SLTon) VALUES (N'000003', N'Kính mắt', 142000, 39)
INSERT dbo.SanPham(MaSP, TenSP, GiaBan, SLTon) VALUES (N'000004', N'Đầm/Váy', 179000, 30)
INSERT dbo.SanPham(MaSP, TenSP, GiaBan, SLTon) VALUES (N'000005', N'Quần short', 159000, 50)
INSERT dbo.SanPham(MaSP, TenSP, GiaBan, SLTon) VALUES (N'000006', N'Suit', 462000, 48)
INSERT dbo.SanPham(MaSP, TenSP, GiaBan, SLTon) VALUES (N'000007', N'Áo khoác', 128000, 27)
INSERT dbo.SanPham(MaSP, TenSP, GiaBan, SLTon) VALUES (N'000008', N'Áo vest', 162000, 44)
INSERT dbo.SanPham(MaSP, TenSP, GiaBan, SLTon) VALUES (N'000009', N'Chân váy', 420000, 46)
INSERT dbo.SanPham(MaSP, TenSP, GiaBan, SLTon) VALUES (N'000010', N'Quần jeans', 120000, 13)
INSERT dbo.SanPham(MaSP, TenSP, GiaBan, SLTon) VALUES (N'000011', N'Pyjama', 373000, 40)
INSERT dbo.SanPham(MaSP, TenSP, GiaBan, SLTon) VALUES (N'000012', N'Đồ tập', 113000, 18)
INSERT dbo.SanPham(MaSP, TenSP, GiaBan, SLTon) VALUES (N'000013', N'Nón bảo hiểm', 214000, 45)
INSERT dbo.SanPham(MaSP, TenSP, GiaBan, SLTon) VALUES (N'000014', N'Jacket', 215000, 49)
INSERT dbo.SanPham(MaSP, TenSP, GiaBan, SLTon) VALUES (N'000015', N'Quần dài', 263000, 14)
INSERT dbo.SanPham(MaSP, TenSP, GiaBan, SLTon) VALUES (N'000016', N'Blazer', 212000, 23)
INSERT dbo.SanPham(MaSP, TenSP, GiaBan, SLTon) VALUES (N'000017', N'Hoodie', 231000, 41)
GO

--
-- Inserting data into table dbo.TaiXe
--
INSERT dbo.TaiXe(SDT, CMND, pword, HoTen, DiaChi, BienSoXe, KVHoatDong, Email, STK, NganHang, ChiNhanh) VALUES (N'0930000000', '168751729090', '00000', N'Vũ Tiến Anh Lộc ', N'240 Âu Dương Lân, Phường 8, Quận 1, TP.HCM', N'3EI-39542', N'TP.HCM', 'Harding955@nowhere.com', '990936500162', N'Xuất Nhập khẩu Việt Nam', N'TP.HCM')
INSERT dbo.TaiXe(SDT, CMND, pword, HoTen, DiaChi, BienSoXe, KVHoatDong, Email, STK, NganHang, ChiNhanh) VALUES (N'0930000001', '720181480920', '00001', N'Phan Tú Tiến Thạch ', N'48 Lê Ngã, Phường 9, Hoàng Mai, Hà Nội', N'R5N-D4D84', N'Hà Nội', 'Tribble@example.com', '023614203229', N'Việt Nam Thương Tín', N'Hà Nội')
INSERT dbo.TaiXe(SDT, CMND, pword, HoTen, DiaChi, BienSoXe, KVHoatDong, Email, STK, NganHang, ChiNhanh) VALUES (N'0930000002', '849794031604', '00002', N'La Thu Xuân Thương ', N'994 209 Tôn Thất Thuyết, Phường 1, Quận 6, TP.HCM', N'3XO-T1LLJ', N'TP.HCM', 'Roxie.Byars@example.com', '900084307692', N'Ngân hàng TMCP Đông Á', N'TP.HCM')
INSERT dbo.TaiXe(SDT, CMND, pword, HoTen, DiaChi, BienSoXe, KVHoatDong, Email, STK, NganHang, ChiNhanh) VALUES (N'0930000003', '319919347163', '00003', N'Hứa Khắc Khắc Vương ', N'536 Cao Thắng, Phường 9, Hai Bà Trưng, Hà Nội', N'635-JD7S7', N'Hà Nội', 'CristaParish8@example.com', '417028231098', N'Tiên Phong', N'Hà Nội')
INSERT dbo.TaiXe(SDT, CMND, pword, HoTen, DiaChi, BienSoXe, KVHoatDong, Email, STK, NganHang, ChiNhanh) VALUES (N'0930000004', '959904743405', '00004', N'Phan Đức Hùng Phụng ', N'45 Quốc Lộ 1k, Phường 6, Quận 1, TP.HCM', N'K66-OOP15', N'TP.HCM', 'JoanePimentel@nowhere.com', '611843375589', N'Công Thương Việt Nam', N'TP.HCM')
INSERT dbo.TaiXe(SDT, CMND, pword, HoTen, DiaChi, BienSoXe, KVHoatDong, Email, STK, NganHang, ChiNhanh) VALUES (N'0930000005', '150586799274', '00005', N'Đinh Hồng Tiến Thạch ', N'597 Hoàng Hoa Thám, Phường 2, Quận 11, TP.HCM', N'989-0K8O9', N'TP.HCM', 'NumbersBruce557@example.com', '552398361136', N'Việt Nam Thịnh Vượng', N'TP.HCM')
INSERT dbo.TaiXe(SDT, CMND, pword, HoTen, DiaChi, BienSoXe, KVHoatDong, Email, STK, NganHang, ChiNhanh) VALUES (N'0930000006', '754640533201', '00006', N'Bùi Duy Phát ', N'117 Đào Duy Anh, Phường 2, Quận 8, TP.HCM', N'NE5-Q91LC', N'TP.HCM', 'agvc2539@example.com', '540763883848', N'Ngoại thương Việt Nam', N'TP.HCM')
INSERT dbo.TaiXe(SDT, CMND, pword, HoTen, DiaChi, BienSoXe, KVHoatDong, Email, STK, NganHang, ChiNhanh) VALUES (N'0930000007', '354605235144', '00007', N'Lý Thanh Trần Thiên ', N'662 Phan Đình Giót, Phường 9, Cầu Giấy, Hà Nội', N'2H6-37GH4', N'Hà Nội', 'SterlingGibbs658@example.com', '912498276787', N'Phát triển Thành phố Hồ Chí Mi', N'Hà Nội')
INSERT dbo.TaiXe(SDT, CMND, pword, HoTen, DiaChi, BienSoXe, KVHoatDong, Email, STK, NganHang, ChiNhanh) VALUES (N'0930000008', '057973158586', '00008', N'Huỳnh Hoài Nghi ', N'93 102 Cống Quỳnh, Phường 2, Quận 12, TP.HCM', N'JBW-U9O50', N'TP.HCM', 'Rohr@nowhere.com', '233877642788', N'Phương Đông', N'TP.HCM')
INSERT dbo.TaiXe(SDT, CMND, pword, HoTen, DiaChi, BienSoXe, KVHoatDong, Email, STK, NganHang, ChiNhanh) VALUES (N'0930000009', '160666484426', '00009', N'Nguyễn Thị Thế ', N'56 Ấp Bắc, Phường 8, Hai Bà Trưng, Hà Nội', N'0O1-R0Q49', N'Hà Nội', 'uetd5064@nowhere.com', '405761094206', N'Bảo Việt', N'Hà Nội')
INSERT dbo.TaiXe(SDT, CMND, pword, HoTen, DiaChi, BienSoXe, KVHoatDong, Email, STK, NganHang, ChiNhanh) VALUES (N'0930000010', '870095846290', '00010', N'Huỳnh Thị Như ', N'53 Đặng Văn Ngữ, Phường 18, Quận 1, TP.HCM', N'7AC-970C6', N'TP.HCM', 'Kirkwood5@example.com', '480169893545', N'Bắc Á', N'TP.HCM')
INSERT dbo.TaiXe(SDT, CMND, pword, HoTen, DiaChi, BienSoXe, KVHoatDong, Email, STK, NganHang, ChiNhanh) VALUES (N'0930000011', '919652742264', '00011', N'Đinh Bảo Kỳ ', N'173 Khánh Hội, Phường 14, Hoàng Mai, Hà Nội', N'333-A4U71', N'Hà Nội', 'Shook3@example.com', '923259667844', N'Đại chúng', N'Hà Nội')
INSERT dbo.TaiXe(SDT, CMND, pword, HoTen, DiaChi, BienSoXe, KVHoatDong, Email, STK, NganHang, ChiNhanh) VALUES (N'0930000012', '683484243202', '00012', N'Hoàng Tú Quốc Giang ', N'475 281 Lê Văn Sỹ, Phường 5, Ba Đình, Hà Nội', N'43H-9JXL0', N'Hà Nội', 'JoshuaL.Milner@example.com', '328502471615', N'Đông Nam Á', N'Hà Nội')
INSERT dbo.TaiXe(SDT, CMND, pword, HoTen, DiaChi, BienSoXe, KVHoatDong, Email, STK, NganHang, ChiNhanh) VALUES (N'0930000013', '742142133788', '00013', N'Bùi Thanh Danh ', N'20 9 Bùi Văn Ba, Phường 5, Thanh Xuân, Hà Nội', N'6AW-O5937', N'Hà Nội', 'Salvatore.Headley299@example.c', '073497381041', N'Kỹ Thương Việt Nam', N'Hà Nội')
INSERT dbo.TaiXe(SDT, CMND, pword, HoTen, DiaChi, BienSoXe, KVHoatDong, Email, STK, NganHang, ChiNhanh) VALUES (N'0930000014', '883077346889', '00014', N'Trần Thị Ánh ', N'723 Cầu Phú An, Phường 18, Quận 6, TP.HCM', N'296-D6MW8', N'TP.HCM', 'Magali_Vanwinkle@example.com', '384665763174', N'Kiên Long', N'TP.HCM')
INSERT dbo.TaiXe(SDT, CMND, pword, HoTen, DiaChi, BienSoXe, KVHoatDong, Email, STK, NganHang, ChiNhanh) VALUES (N'0930000015', '155460052400', '00015', N'Hồ Gia Tuấn Đạt ', N'624 Thống Nhất, Phường 3, Hoàng Mai, Hà Nội', N'8WK-0Q6RT', N'Hà Nội', 'Oscar_T.Bach8@example.com', '485914338570', N'Sài Gòn – Hà Nội', N'Hà Nội')
INSERT dbo.TaiXe(SDT, CMND, pword, HoTen, DiaChi, BienSoXe, KVHoatDong, Email, STK, NganHang, ChiNhanh) VALUES (N'0930000016', '960991847593', '00016', N'Phùng Huy Đức Phú ', N'606 Trương Hán Siêu, Phường 8, Quận 7, TP.HCM', N'020-MJ8VZ', N'TP.HCM', 'qfhawlt5351@example.com', '797644711821', N'Á Châu', N'TP.HCM')
INSERT dbo.TaiXe(SDT, CMND, pword, HoTen, DiaChi, BienSoXe, KVHoatDong, Email, STK, NganHang, ChiNhanh) VALUES (N'0930000017', '413607302945', '00017', N'Đào Anh Đức Đông ', N'41 102 Cống Quỳnh, Phường 3, Quận 12, TP.HCM', N'LW6-U3UM4', N'TP.HCM', 'TroyHightower@nowhere.com', '205635289098', N'Hàng hải Việt Nam', N'TP.HCM')
INSERT dbo.TaiXe(SDT, CMND, pword, HoTen, DiaChi, BienSoXe, KVHoatDong, Email, STK, NganHang, ChiNhanh) VALUES (N'0930000018', '262813424604', '00018', N'Đinh Tiến Khắc Ny ', N'172 Bác Ái, Phường 3, Nam Từ Liêm, Hà Nội', N'V39-MXTW8', N'Hà Nội', 'Strand@nowhere.com', '713449148981', N'Nam Á', N'Hà Nội')
INSERT dbo.TaiXe(SDT, CMND, pword, HoTen, DiaChi, BienSoXe, KVHoatDong, Email, STK, NganHang, ChiNhanh) VALUES (N'0930000019', '445041828673', '00019', N'Lữ Ngọc Bảo Kiều ', N'622 005 Trần Xuân Soạn, Phường 2, Quận 12, TP.HCM', N'959-J3570', N'TP.HCM', 'CarrA3@example.com', '600233470859', N'Việt Á', N'TP.HCM')
INSERT dbo.TaiXe(SDT, CMND, pword, HoTen, DiaChi, BienSoXe, KVHoatDong, Email, STK, NganHang, ChiNhanh) VALUES (N'0930000020', '502090699272', '00020', N'Hoàng Huy An Rin ', N'78 Tỉnh Lộ 8, Phường 4, Nam Từ Liêm, Hà Nội', N'15F-1YF83', N'Hà Nội', 'VirgilioG.Traylor@example.com', '626410057587', N'Quốc tế Việt Nam', N'Hà Nội')
INSERT dbo.TaiXe(SDT, CMND, pword, HoTen, DiaChi, BienSoXe, KVHoatDong, Email, STK, NganHang, ChiNhanh) VALUES (N'0930000021', '226299959413', '00021', N'Huỳnh Xuân Thúy ', N'06 Phạm Ngũ Lão, Phường 4, Quận 2, TP.HCM', N'HMT-E5R99', N'TP.HCM', 'Johnie_Lapointe@example.com', '799472095088', N'Bưu điện Liên Việt', N'TP.HCM')
INSERT dbo.TaiXe(SDT, CMND, pword, HoTen, DiaChi, BienSoXe, KVHoatDong, Email, STK, NganHang, ChiNhanh) VALUES (N'0930000022', '108653911880', '00022', N'Cao Văn Bảo ', N'174 hợ Lớn, Phường 8, Ba Đình, Hà Nội', N'2W6-4E4F7', N'Hà Nội', 'Paulette.Sheridan@example.com', '212454852504', N'Quốc Dân', N'Hà Nội')
INSERT dbo.TaiXe(SDT, CMND, pword, HoTen, DiaChi, BienSoXe, KVHoatDong, Email, STK, NganHang, ChiNhanh) VALUES (N'0930000023', '737470389133', '00023', N'Võ Hoài Huy Tin ', N'268 164 Trần Quốc Thảo, Phường 9, Cầu Giấy, Hà Nội', N'365-7K391', N'Hà Nội', 'Mcbride@nowhere.com', '489903420372', N'Sài Gòn Thương Tín', N'Hà Nội')
INSERT dbo.TaiXe(SDT, CMND, pword, HoTen, DiaChi, BienSoXe, KVHoatDong, Email, STK, NganHang, ChiNhanh) VALUES (N'0930000024', '632497117857', '00024', N'Phan Duy Như ', N'902 Lưu Trọng Lư, Phường 4, Quận 7, TP.HCM', N'3H3-6773Y', N'TP.HCM', 'yjpr2080@example.com', '264854880542', N'Bản Việt', N'TP.HCM')
INSERT dbo.TaiXe(SDT, CMND, pword, HoTen, DiaChi, BienSoXe, KVHoatDong, Email, STK, NganHang, ChiNhanh) VALUES (N'0930000025', '853332394917', '00025', N'Đinh Khắc Tới ', N'660 Thoại Ngọc Hầu, Phường 12, Quận 9, TP.HCM', N'Z98-EIZ55', N'TP.HCM', 'Schaeffer4@nowhere.com', '405082417587', N'Sài Gòn', N'TP.HCM')
INSERT dbo.TaiXe(SDT, CMND, pword, HoTen, DiaChi, BienSoXe, KVHoatDong, Email, STK, NganHang, ChiNhanh) VALUES (N'0930000026', '018773521894', '00026', N'Vũ Xuân Trà ', N'499 Lữ Gia, Phường 8, Quận 12, TP.HCM', N'7I8-242H5', N'TP.HCM', 'Winford.Nettles22@nowhere.com', '271218303398', N'An Bình', N'TP.HCM')
INSERT dbo.TaiXe(SDT, CMND, pword, HoTen, DiaChi, BienSoXe, KVHoatDong, Email, STK, NganHang, ChiNhanh) VALUES (N'0930000027', '317503836847', '00027', N'Vũ Thu Hùng Thanh ', N'738 Chu Văn An, Phường 4, Quận 7, TP.HCM', N'VCV-Z2K0M', N'TP.HCM', 'Brower@example.com', '172076577854', N'Sài Gòn Công Thương', N'TP.HCM')
INSERT dbo.TaiXe(SDT, CMND, pword, HoTen, DiaChi, BienSoXe, KVHoatDong, Email, STK, NganHang, ChiNhanh) VALUES (N'0930000028', '310509831110', '00028', N'Hoàng Vân Hải ', N'271 49 Huỳnh Tấn Phát, Phường 5, Quận 8, TP.HCM', N'XCC-QWI68', N'TP.HCM', 'Gonzalez11@example.com', '270236387140', N'Xăng Dầu Petrolimex', N'TP.HCM')
INSERT dbo.TaiXe(SDT, CMND, pword, HoTen, DiaChi, BienSoXe, KVHoatDong, Email, STK, NganHang, ChiNhanh) VALUES (N'0930000029', '152436692542', '00029', N'Võ Phước Trang ', N'780 Hồ Bá Phấn, Phường 7, Quận 3, TP.HCM', N'UOQ-ZUI6T', N'TP.HCM', 'Veda.S.Mattingly@nowhere.com', '089044091953', N'Quân đội', N'TP.HCM')
INSERT dbo.TaiXe(SDT, CMND, pword, HoTen, DiaChi, BienSoXe, KVHoatDong, Email, STK, NganHang, ChiNhanh) VALUES (N'0930000030', '654979962074', '00030', N'Đoàn Văn Duy Ái ', N'877 Cầu Sài Gòn 2, Phường 9, Quận 8, TP.HCM', N'556-0X5I9', N'TP.HCM', 'Cabral2@example.com', '277994315186', N'Đầu tư và Phát triển Việt Nam', N'TP.HCM')
GO

--
-- Inserting data into table dbo.TinhTrangDH
--
INSERT dbo.TinhTrangDH(MaTinhTrang, Mota) VALUES (0, N'Đang chờ giao hàng.')
INSERT dbo.TinhTrangDH(MaTinhTrang, Mota) VALUES (1, N'Đơn hàng đã hủy.')
INSERT dbo.TinhTrangDH(MaTinhTrang, Mota) VALUES (2, N'Đơn hàng đang đóng gói.')
INSERT dbo.TinhTrangDH(MaTinhTrang, Mota) VALUES (3, N'Đơn hàng đang giao.')
INSERT dbo.TinhTrangDH(MaTinhTrang, Mota) VALUES (4, N'Đơn hàng được tiếp nhận.')
INSERT dbo.TinhTrangDH(MaTinhTrang, Mota) VALUES (5, N'Đơn hàng giao thành công.')
GO

--
-- Inserting data into table dbo.ChiNhanh
--
INSERT dbo.ChiNhanh(MaCN, MaDT, TenQL, DiaChi, SDT) VALUES (N'0000000000', '0000000000', N'Phạm Thanh Vu ', N'50 Châu Văn Liêm, Phường 9, Hoàng Mai, Hà Nội', '0917364686')
INSERT dbo.ChiNhanh(MaCN, MaDT, TenQL, DiaChi, SDT) VALUES (N'0000000001', '0000000001', N'Đỗ Ngọc Gia Trọng ', N'950 Phú Định, Phường 9, Đống Đa, Hà Nội', '0372452891')
INSERT dbo.ChiNhanh(MaCN, MaDT, TenQL, DiaChi, SDT) VALUES (N'0000000002', '0000000002', N'La An Hồng Phụng ', N'524 Lý Thái Tổ, Phường 15, Quận 11, TP.HCM', '0596096926')
INSERT dbo.ChiNhanh(MaCN, MaDT, TenQL, DiaChi, SDT) VALUES (N'0000000003', '0000000003', N'Nguyễn Bảo Phụng ', N'574 Khổng Tử, Phường 3, Hai Bà Trưng, Hà Nội', '0996536160')
INSERT dbo.ChiNhanh(MaCN, MaDT, TenQL, DiaChi, SDT) VALUES (N'0000000004', '0000000004', N'Trần Anh Hùng Nghĩa ', N'534 Xô Viết Nghệ Tĩnh, Phường 2, Quận 6, TP.HCM', '0194282927')
INSERT dbo.ChiNhanh(MaCN, MaDT, TenQL, DiaChi, SDT) VALUES (N'0000000005', '0000000005', N'Tô Duy Dễ ', N'039 Sư Vạn Hạnh, Phường 2, Quận 2, TP.HCM', '0322593672')
INSERT dbo.ChiNhanh(MaCN, MaDT, TenQL, DiaChi, SDT) VALUES (N'0000000006', '0000000006', N'Tạ Văn Thu An ', N'70 Cầu Bùi Hữu Nghĩa, Phường 3, Quận 2, TP.HCM', '0096195311')
INSERT dbo.ChiNhanh(MaCN, MaDT, TenQL, DiaChi, SDT) VALUES (N'0000000007', '0000000007', N'Hứa Thu Hoa ', N'943 Tân Sơn Nhì, Phường 9, Quận 12, TP.HCM', '0969554604')
INSERT dbo.ChiNhanh(MaCN, MaDT, TenQL, DiaChi, SDT) VALUES (N'0000000008', '0000000008', N'La Vân Hảo ', N'201 guyễn Du, Phường 9, Cầu Giấy, Hà Nội', '0414401551')
INSERT dbo.ChiNhanh(MaCN, MaDT, TenQL, DiaChi, SDT) VALUES (N'0000000009', '0000000009', N'Trần Hùng Xuân ', N'200 Láng Le Bàu Cò, Phường 7, Hoàn Kiếm, Hà Nội', '0718441682')
INSERT dbo.ChiNhanh(MaCN, MaDT, TenQL, DiaChi, SDT) VALUES (N'0000000010', '0000000010', N'Bùi Duy Trần Chi ', N'29 han Kế Bính, Phường 6, Quận 4, TP.HCM', '0997457207')
INSERT dbo.ChiNhanh(MaCN, MaDT, TenQL, DiaChi, SDT) VALUES (N'0000000011', '0000000011', N'Đặng Tiến Châm ', N'618 ương Hữu Khánh, Phường 2, Thanh Xuân, Hà Nội', '0360792207')
INSERT dbo.ChiNhanh(MaCN, MaDT, TenQL, DiaChi, SDT) VALUES (N'0000000012', '0000000012', N'Tạ Đình Xuân Trâm ', N'496 Trần Nhật Duật, Phường 3, Bắc Từ Liêm, Hà Nội', '0123732817')
INSERT dbo.ChiNhanh(MaCN, MaDT, TenQL, DiaChi, SDT) VALUES (N'0000000013', '0000000013', N'Đặng Văn Xuyến ', N'32 Bùi Hữu Nghĩa, Phường 9, Bắc Từ Liêm, Hà Nội', '0429503858')
INSERT dbo.ChiNhanh(MaCN, MaDT, TenQL, DiaChi, SDT) VALUES (N'0000000014', '0000000014', N'Vương Đình Huy Công ', N'622 Duy Tân, Phường 3, Đống Đa, Hà Nội', '0833662220')
INSERT dbo.ChiNhanh(MaCN, MaDT, TenQL, DiaChi, SDT) VALUES (N'0000000015', '0000000015', N'Võ Quang Mỵ ', N'76 Nguyễn Văn Thủ, Phường 2, Quận 11, TP.HCM', '0513689799')
INSERT dbo.ChiNhanh(MaCN, MaDT, TenQL, DiaChi, SDT) VALUES (N'0000000016', '0000000016', N'Huỳnh Tuấn Khoa ', N'46 Lê Văn Lương, Phường 13, Quận 4, TP.HCM', '0555039589')
INSERT dbo.ChiNhanh(MaCN, MaDT, TenQL, DiaChi, SDT) VALUES (N'0000000017', '0000000017', N'Đỗ Hoài Anh Hương ', N'903 Quốc Lộ 22, Phường 6, Hai Bà Trưng, Hà Nội', '0867051566')
INSERT dbo.ChiNhanh(MaCN, MaDT, TenQL, DiaChi, SDT) VALUES (N'0000000018', '0000000018', N'Vương Phước Tiến Tín ', N'174 Nguyễn Ư Dĩ, Phường 6, Quận 6, TP.HCM', '0481807791')
INSERT dbo.ChiNhanh(MaCN, MaDT, TenQL, DiaChi, SDT) VALUES (N'0000000019', '0000000019', N'Đào Thu Quốc Minh ', N'46 Tôn Dật Tiên, Phường 7, Quận 11, TP.HCM', '0008194352')
GO

--
-- Inserting data into table dbo.DonHang
--
INSERT dbo.DonHang(MaDH, MaKH, DiaChi, Phuong, Quan, Tinh, TenNguoiNhan, SDT, NgayLap, ThanhToan) VALUES ('0000000000', '0930000000', N'97 Hoà Hảo', N'Phường 3', N'Quận 8', N'TP.HCM', N'Nguyễn Khắc Hoài Hảo ', '0521242672', '2020-01-01 00:00:01.000', N'Momo')
INSERT dbo.DonHang(MaDH, MaKH, DiaChi, Phuong, Quan, Tinh, TenNguoiNhan, SDT, NgayLap, ThanhToan) VALUES ('0000000001', '0930000001', N'88 358 Cách Mạng Tháng Tám', N'Phường 7', N'Hoàng Mai', N'Hà Nội', N'Ngô An Bình ', '0760056528', '2020-01-02 00:00:01.750', N'ZaloPay')
INSERT dbo.DonHang(MaDH, MaKH, DiaChi, Phuong, Quan, Tinh, TenNguoiNhan, SDT, NgayLap, ThanhToan) VALUES ('0000000002', '0930000002', N'91 Hồng Lạc', N'Phường 1', N'Quận 12', N'TP.HCM', N'Phan Thanh Khắc Anh ', '0332262152', '2020-01-03 00:00:01.730', N'ZaloPay')
INSERT dbo.DonHang(MaDH, MaKH, DiaChi, Phuong, Quan, Tinh, TenNguoiNhan, SDT, NgayLap, ThanhToan) VALUES ('0000000003', '0930000003', N'873 Lê Văn Sỹ', N'Phường 6', N'Long Biên', N'Hà Nội', N'Đào Phước Trần Thủy ', '0551421731', '2020-01-04 00:00:01.830', N'ZaloPay')
INSERT dbo.DonHang(MaDH, MaKH, DiaChi, Phuong, Quan, Tinh, TenNguoiNhan, SDT, NgayLap, ThanhToan) VALUES ('0000000004', '0930000004', N'064 156 Cộng Hòa', N'Phường 2', N'Thanh Xuân', N'Hà Nội', N'Ngô Phước Vân ', '0434824417', '2020-01-05 00:00:01.540', N'ViettelPay')
INSERT dbo.DonHang(MaDH, MaKH, DiaChi, Phuong, Quan, Tinh, TenNguoiNhan, SDT, NgayLap, ThanhToan) VALUES ('0000000005', '0930000005', N'070 ý Văn Phức', N'Phường 2', N'Quận 4', N'TP.HCM', N'Vũ Huy Thụy Đại ', '0383058188', '2020-01-06 00:00:01.510', N'ZaloPay')
INSERT dbo.DonHang(MaDH, MaKH, DiaChi, Phuong, Quan, Tinh, TenNguoiNhan, SDT, NgayLap, ThanhToan) VALUES ('0000000006', '0930000006', N'550 Trần Não', N'Phường 5', N'Ba Đình', N'Hà Nội', N'Phùng Đức Thúy ', '0361693816', '2020-01-07 00:00:01.860', N'Bank')
INSERT dbo.DonHang(MaDH, MaKH, DiaChi, Phuong, Quan, Tinh, TenNguoiNhan, SDT, NgayLap, ThanhToan) VALUES ('0000000007', '0930000007', N'61 Nguyễn Thượng Hiền', N'Phường 4', N'Ba Đình', N'Hà Nội', N'Vương Thu Thị Thư ', '0710558031', '2020-01-08 00:00:01.270', N'Momo')
INSERT dbo.DonHang(MaDH, MaKH, DiaChi, Phuong, Quan, Tinh, TenNguoiNhan, SDT, NgayLap, ThanhToan) VALUES ('0000000008', '0930000008', N'04 Công Chúa Ngọc Hân', N'Phường 4', N'Hoàn Kiếm', N'Hà Nội', N'Trương Minh Hoài Long ', '0469029403', '2020-01-09 00:00:01.320', N'ZaloPay')
INSERT dbo.DonHang(MaDH, MaKH, DiaChi, Phuong, Quan, Tinh, TenNguoiNhan, SDT, NgayLap, ThanhToan) VALUES ('0000000009', '0930000009', N'57 Lê Lợi', N'Phường 2', N'Đống Đa', N'Hà Nội', N'Đinh An Trâm ', '0369545818', '2020-01-10 00:00:01.750', N'ViettelPay')
INSERT dbo.DonHang(MaDH, MaKH, DiaChi, Phuong, Quan, Tinh, TenNguoiNhan, SDT, NgayLap, ThanhToan) VALUES ('0000000010', '0930000010', N'016 005 Trần Xuân Soạn', N'Phường 15', N'Quận 3', N'TP.HCM', N'Hồ Huy Thu ', '0801633708', '2020-01-11 00:00:01.650', N'ZaloPay')
INSERT dbo.DonHang(MaDH, MaKH, DiaChi, Phuong, Quan, Tinh, TenNguoiNhan, SDT, NgayLap, ThanhToan) VALUES ('0000000011', '0930000011', N'120 Bình Long', N'Phường 4', N'Hai Bà Trưng', N'Hà Nội', N'Phạm Hồng Hạ ', '0502139166', '2020-01-12 00:00:01.810', N'Momo')
INSERT dbo.DonHang(MaDH, MaKH, DiaChi, Phuong, Quan, Tinh, TenNguoiNhan, SDT, NgayLap, ThanhToan) VALUES ('0000000012', '0930000012', N'07 õ Văn Kiệt', N'Phường 2', N'Quận 1', N'TP.HCM', N'Cao An An ', '0380495961', '2020-01-13 00:00:01.530', N'Bank')
INSERT dbo.DonHang(MaDH, MaKH, DiaChi, Phuong, Quan, Tinh, TenNguoiNhan, SDT, NgayLap, ThanhToan) VALUES ('0000000013', '0930000013', N'69 Nguyễn Văn Tạo', N'Phường 6', N'Quận 4', N'TP.HCM', N'Trương Huy Du ', '0105421035', '2020-01-14 00:00:01.240', N'Bank')
INSERT dbo.DonHang(MaDH, MaKH, DiaChi, Phuong, Quan, Tinh, TenNguoiNhan, SDT, NgayLap, ThanhToan) VALUES ('0000000014', '0930000014', N'95 An Dương Vương', N'Phường 9', N'Quận 8', N'TP.HCM', N'Hồ Minh Tâm ', '0071363894', '2020-01-15 00:00:01.200', N'ZaloPay')
INSERT dbo.DonHang(MaDH, MaKH, DiaChi, Phuong, Quan, Tinh, TenNguoiNhan, SDT, NgayLap, ThanhToan) VALUES ('0000000015', '0930000015', N'40 Trịnh Thị Miếng', N'Phường 7', N'Quận 2', N'TP.HCM', N'Vương Vân Ngọc Trân ', '0815488332', '2020-01-16 00:00:01.900', N'Bank')
INSERT dbo.DonHang(MaDH, MaKH, DiaChi, Phuong, Quan, Tinh, TenNguoiNhan, SDT, NgayLap, ThanhToan) VALUES ('0000000016', '0930000016', N'815 Trường Sơn', N'Phường 8', N'Bắc Từ Liêm', N'Hà Nội', N'Lữ An Tín ', '0519265034', '2020-01-17 00:00:01.140', N'Bank')
INSERT dbo.DonHang(MaDH, MaKH, DiaChi, Phuong, Quan, Tinh, TenNguoiNhan, SDT, NgayLap, ThanhToan) VALUES ('0000000017', '0930000017', N'753 Phùng Văn Cung', N'Phường 8', N'Quận 9', N'TP.HCM', N'Đào Phước Trang ', '0979693021', '2020-01-18 00:00:01.900', N'Momo')
INSERT dbo.DonHang(MaDH, MaKH, DiaChi, Phuong, Quan, Tinh, TenNguoiNhan, SDT, NgayLap, ThanhToan) VALUES ('0000000018', '0930000018', N'86 Ngụy Như Kon Tum', N'Phường 1', N'Quận 3', N'TP.HCM', N'Hồ Bá Đức Nguyệt ', '0525408373', '2020-01-19 00:00:01.990', N'ViettelPay')
INSERT dbo.DonHang(MaDH, MaKH, DiaChi, Phuong, Quan, Tinh, TenNguoiNhan, SDT, NgayLap, ThanhToan) VALUES ('0000000019', '0930000019', N'582 Tân Sơn Nhì', N'Phường 3', N'Quận 11', N'TP.HCM', N'Phan Quang Tươi ', '0625171748', '2020-01-20 00:00:01.180', N'ViettelPay')
GO

--
-- Inserting data into table dbo.CN_SP
--
INSERT dbo.CN_SP(MaCN, MaSP) VALUES (N'0000000012', N'000010')
INSERT dbo.CN_SP(MaCN, MaSP) VALUES (N'0000000008', N'000008')
INSERT dbo.CN_SP(MaCN, MaSP) VALUES (N'0000000017', N'000017')
INSERT dbo.CN_SP(MaCN, MaSP) VALUES (N'0000000003', N'000003')
INSERT dbo.CN_SP(MaCN, MaSP) VALUES (N'0000000010', N'000009')
INSERT dbo.CN_SP(MaCN, MaSP) VALUES (N'0000000015', N'000013')
INSERT dbo.CN_SP(MaCN, MaSP) VALUES (N'0000000010', N'000008')
INSERT dbo.CN_SP(MaCN, MaSP) VALUES (N'0000000013', N'000011')
INSERT dbo.CN_SP(MaCN, MaSP) VALUES (N'0000000011', N'000009')
INSERT dbo.CN_SP(MaCN, MaSP) VALUES (N'0000000005', N'000004')
INSERT dbo.CN_SP(MaCN, MaSP) VALUES (N'0000000012', N'000012')
INSERT dbo.CN_SP(MaCN, MaSP) VALUES (N'0000000001', N'000000')
INSERT dbo.CN_SP(MaCN, MaSP) VALUES (N'0000000007', N'000005')
INSERT dbo.CN_SP(MaCN, MaSP) VALUES (N'0000000013', N'000013')
INSERT dbo.CN_SP(MaCN, MaSP) VALUES (N'0000000002', N'000001')
INSERT dbo.CN_SP(MaCN, MaSP) VALUES (N'0000000014', N'000012')
INSERT dbo.CN_SP(MaCN, MaSP) VALUES (N'0000000014', N'000014')
INSERT dbo.CN_SP(MaCN, MaSP) VALUES (N'0000000002', N'000000')
INSERT dbo.CN_SP(MaCN, MaSP) VALUES (N'0000000008', N'000006')
INSERT dbo.CN_SP(MaCN, MaSP) VALUES (N'0000000003', N'000002')
INSERT dbo.CN_SP(MaCN, MaSP) VALUES (N'0000000011', N'000010')
INSERT dbo.CN_SP(MaCN, MaSP) VALUES (N'0000000003', N'000001')
INSERT dbo.CN_SP(MaCN, MaSP) VALUES (N'0000000009', N'000009')
INSERT dbo.CN_SP(MaCN, MaSP) VALUES (N'0000000015', N'000015')
INSERT dbo.CN_SP(MaCN, MaSP) VALUES (N'0000000004', N'000004')
INSERT dbo.CN_SP(MaCN, MaSP) VALUES (N'0000000010', N'000010')
INSERT dbo.CN_SP(MaCN, MaSP) VALUES (N'0000000006', N'000005')
INSERT dbo.CN_SP(MaCN, MaSP) VALUES (N'0000000012', N'000011')
INSERT dbo.CN_SP(MaCN, MaSP) VALUES (N'0000000007', N'000006')
INSERT dbo.CN_SP(MaCN, MaSP) VALUES (N'0000000004', N'000003')
INSERT dbo.CN_SP(MaCN, MaSP) VALUES (N'0000000009', N'000007')
INSERT dbo.CN_SP(MaCN, MaSP) VALUES (N'0000000005', N'000005')
INSERT dbo.CN_SP(MaCN, MaSP) VALUES (N'0000000013', N'000012')
INSERT dbo.CN_SP(MaCN, MaSP) VALUES (N'0000000004', N'000002')
INSERT dbo.CN_SP(MaCN, MaSP) VALUES (N'0000000008', N'000007')
INSERT dbo.CN_SP(MaCN, MaSP) VALUES (N'0000000014', N'000013')
INSERT dbo.CN_SP(MaCN, MaSP) VALUES (N'0000000016', N'000016')
INSERT dbo.CN_SP(MaCN, MaSP) VALUES (N'0000000011', N'000011')
INSERT dbo.CN_SP(MaCN, MaSP) VALUES (N'0000000000', N'000000')
INSERT dbo.CN_SP(MaCN, MaSP) VALUES (N'0000000016', N'000015')
INSERT dbo.CN_SP(MaCN, MaSP) VALUES (N'0000000005', N'000003')
INSERT dbo.CN_SP(MaCN, MaSP) VALUES (N'0000000009', N'000008')
INSERT dbo.CN_SP(MaCN, MaSP) VALUES (N'0000000015', N'000014')
INSERT dbo.CN_SP(MaCN, MaSP) VALUES (N'0000000006', N'000006')
INSERT dbo.CN_SP(MaCN, MaSP) VALUES (N'0000000017', N'000016')
INSERT dbo.CN_SP(MaCN, MaSP) VALUES (N'0000000006', N'000004')
INSERT dbo.CN_SP(MaCN, MaSP) VALUES (N'0000000018', N'000017')
INSERT dbo.CN_SP(MaCN, MaSP) VALUES (N'0000000001', N'000001')
INSERT dbo.CN_SP(MaCN, MaSP) VALUES (N'0000000007', N'000007')
INSERT dbo.CN_SP(MaCN, MaSP) VALUES (N'0000000002', N'000002')
GO

--
-- Inserting data into table dbo.CT_DonHang
--
INSERT dbo.CT_DonHang(MaDH, MaSP, SoLuong) VALUES ('0000000011', '000006', 7)
INSERT dbo.CT_DonHang(MaDH, MaSP, SoLuong) VALUES ('0000000016', '000016', 4)
INSERT dbo.CT_DonHang(MaDH, MaSP, SoLuong) VALUES ('0000000006', '000004', 6)
INSERT dbo.CT_DonHang(MaDH, MaSP, SoLuong) VALUES ('0000000006', '000006', 10)
INSERT dbo.CT_DonHang(MaDH, MaSP, SoLuong) VALUES ('0000000003', '000000', 2)
INSERT dbo.CT_DonHang(MaDH, MaSP, SoLuong) VALUES ('0000000014', '000009', 9)
INSERT dbo.CT_DonHang(MaDH, MaSP, SoLuong) VALUES ('0000000001', '000017', 1)
INSERT dbo.CT_DonHang(MaDH, MaSP, SoLuong) VALUES ('0000000012', '000007', 3)
INSERT dbo.CT_DonHang(MaDH, MaSP, SoLuong) VALUES ('0000000005', '000000', 5)
INSERT dbo.CT_DonHang(MaDH, MaSP, SoLuong) VALUES ('0000000010', '000008', 8)
GO

--
-- Inserting data into table dbo.CT_TTDH
--
INSERT dbo.CT_TTDH(NgayCapNhat, MaDH, MaTT) VALUES ('2021-10-05 21:51:53.000', N'0000000006', 0)
INSERT dbo.CT_TTDH(NgayCapNhat, MaDH, MaTT) VALUES ('2021-10-05 21:51:53.000', N'0000000008', 1)
INSERT dbo.CT_TTDH(NgayCapNhat, MaDH, MaTT) VALUES ('2021-01-04 14:56:44.000', N'0000000017', 2)
INSERT dbo.CT_TTDH(NgayCapNhat, MaDH, MaTT) VALUES ('2020-01-01 00:08:49.000', N'0000000003', 3)
INSERT dbo.CT_TTDH(NgayCapNhat, MaDH, MaTT) VALUES ('2021-10-05 21:51:53.000', N'0000000007', 4)
INSERT dbo.CT_TTDH(NgayCapNhat, MaDH, MaTT) VALUES ('2020-09-09 16:12:04.000', N'0000000009', 5)
INSERT dbo.CT_TTDH(NgayCapNhat, MaDH, MaTT) VALUES ('2020-10-25 14:56:42.000', N'0000000004', 0)
INSERT dbo.CT_TTDH(NgayCapNhat, MaDH, MaTT) VALUES ('2021-01-04 14:56:43.000', N'0000000007', 1)
INSERT dbo.CT_TTDH(NgayCapNhat, MaDH, MaTT) VALUES ('2021-07-07 06:49:28.000', N'0000000005', 2)
INSERT dbo.CT_TTDH(NgayCapNhat, MaDH, MaTT) VALUES ('2020-01-01 00:08:49.000', N'0000000002', 3)
INSERT dbo.CT_TTDH(NgayCapNhat, MaDH, MaTT) VALUES ('2020-06-30 16:12:04.000', N'0000000012', 4)
INSERT dbo.CT_TTDH(NgayCapNhat, MaDH, MaTT) VALUES ('2021-04-27 06:49:28.000', N'0000000018', 5)
INSERT dbo.CT_TTDH(NgayCapNhat, MaDH, MaTT) VALUES ('2020-01-01 00:08:49.000', N'0000000001', 0)
INSERT dbo.CT_TTDH(NgayCapNhat, MaDH, MaTT) VALUES ('2020-10-25 14:56:43.000', N'0000000013', 1)
INSERT dbo.CT_TTDH(NgayCapNhat, MaDH, MaTT) VALUES ('2020-10-25 14:56:44.000', N'0000000019', 2)
INSERT dbo.CT_TTDH(NgayCapNhat, MaDH, MaTT) VALUES ('2020-06-30 16:12:03.000', N'0000000008', 3)
INSERT dbo.CT_TTDH(NgayCapNhat, MaDH, MaTT) VALUES ('2020-01-01 00:08:50.000', N'0000000014', 4)
INSERT dbo.CT_TTDH(NgayCapNhat, MaDH, MaTT) VALUES ('2021-01-04 14:56:44.000', N'0000000016', 5)
INSERT dbo.CT_TTDH(NgayCapNhat, MaDH, MaTT) VALUES ('2020-03-12 00:08:50.000', N'0000000002', 0)
INSERT dbo.CT_TTDH(NgayCapNhat, MaDH, MaTT) VALUES ('2021-01-04 14:56:42.000', N'0000000000', 1)
INSERT dbo.CT_TTDH(NgayCapNhat, MaDH, MaTT) VALUES ('2021-01-04 14:56:43.000', N'0000000008', 2)
INSERT dbo.CT_TTDH(NgayCapNhat, MaDH, MaTT) VALUES ('2021-04-27 06:49:28.000', N'0000000017', 3)
INSERT dbo.CT_TTDH(NgayCapNhat, MaDH, MaTT) VALUES ('2021-01-04 14:56:43.000', N'0000000009', 4)
INSERT dbo.CT_TTDH(NgayCapNhat, MaDH, MaTT) VALUES ('2020-03-12 00:08:51.000', N'0000000015', 5)
INSERT dbo.CT_TTDH(NgayCapNhat, MaDH, MaTT) VALUES ('2020-03-12 00:08:50.000', N'0000000004', 0)
INSERT dbo.CT_TTDH(NgayCapNhat, MaDH, MaTT) VALUES ('2020-06-30 16:12:03.000', N'0000000010', 1)
INSERT dbo.CT_TTDH(NgayCapNhat, MaDH, MaTT) VALUES ('2020-03-12 00:08:50.000', N'0000000003', 2)
INSERT dbo.CT_TTDH(NgayCapNhat, MaDH, MaTT) VALUES ('2020-06-30 16:12:03.000', N'0000000009', 3)
INSERT dbo.CT_TTDH(NgayCapNhat, MaDH, MaTT) VALUES ('2021-12-10 23:59:59.000', N'0000000004', 4)
INSERT dbo.CT_TTDH(NgayCapNhat, MaDH, MaTT) VALUES ('2021-07-26 21:51:55.000', N'0000000001', 5)
INSERT dbo.CT_TTDH(NgayCapNhat, MaDH, MaTT) VALUES ('2021-12-10 23:59:59.000', N'0000000003', 0)
INSERT dbo.CT_TTDH(NgayCapNhat, MaDH, MaTT) VALUES ('2021-12-10 23:59:59.000', N'0000000005', 1)
INSERT dbo.CT_TTDH(NgayCapNhat, MaDH, MaTT) VALUES ('2020-09-09 16:12:04.000', N'0000000010', 2)
INSERT dbo.CT_TTDH(NgayCapNhat, MaDH, MaTT) VALUES ('2020-10-25 14:56:44.000', N'0000000018', 3)
INSERT dbo.CT_TTDH(NgayCapNhat, MaDH, MaTT) VALUES ('2020-10-25 14:56:42.000', N'0000000005', 4)
INSERT dbo.CT_TTDH(NgayCapNhat, MaDH, MaTT) VALUES ('2020-06-30 16:12:04.000', N'0000000011', 5)
INSERT dbo.CT_TTDH(NgayCapNhat, MaDH, MaTT) VALUES ('2020-09-09 16:12:05.000', N'0000000016', 0)
INSERT dbo.CT_TTDH(NgayCapNhat, MaDH, MaTT) VALUES ('2020-09-09 16:12:04.000', N'0000000011', 1)
INSERT dbo.CT_TTDH(NgayCapNhat, MaDH, MaTT) VALUES ('2021-04-27 06:49:27.000', N'0000000000', 2)
INSERT dbo.CT_TTDH(NgayCapNhat, MaDH, MaTT) VALUES ('2020-01-01 00:08:50.000', N'0000000013', 3)
INSERT dbo.CT_TTDH(NgayCapNhat, MaDH, MaTT) VALUES ('2021-01-04 14:56:45.000', N'0000000019', 4)
INSERT dbo.CT_TTDH(NgayCapNhat, MaDH, MaTT) VALUES ('2021-07-07 06:49:28.000', N'0000000006', 5)
INSERT dbo.CT_TTDH(NgayCapNhat, MaDH, MaTT) VALUES ('2020-10-25 14:56:43.000', N'0000000012', 0)
INSERT dbo.CT_TTDH(NgayCapNhat, MaDH, MaTT) VALUES ('2020-10-25 14:56:42.000', N'0000000006', 1)
INSERT dbo.CT_TTDH(NgayCapNhat, MaDH, MaTT) VALUES ('2020-03-12 00:08:51.000', N'0000000014', 2)
INSERT dbo.CT_TTDH(NgayCapNhat, MaDH, MaTT) VALUES ('2021-07-26 21:51:55.000', N'0000000000', 3)
INSERT dbo.CT_TTDH(NgayCapNhat, MaDH, MaTT) VALUES ('2020-09-09 16:12:05.000', N'0000000015', 4)
INSERT dbo.CT_TTDH(NgayCapNhat, MaDH, MaTT) VALUES ('2021-01-04 14:56:42.000', N'0000000001', 5)
INSERT dbo.CT_TTDH(NgayCapNhat, MaDH, MaTT) VALUES ('2021-07-07 06:49:28.000', N'0000000007', 0)
INSERT dbo.CT_TTDH(NgayCapNhat, MaDH, MaTT) VALUES ('2021-07-26 21:51:55.000', N'0000000002', 1)
GO

--
-- Inserting data into table dbo.HopDong
--
INSERT dbo.HopDong(MaHD, MSThue, TenNgDaiDien, SoChiNhanh, TGHieuLuc, HoaHong) VALUES (N'0000000000', 'MST0000000', N'Đặng Anh Nguyên ', -2147483648, '1970-01-01', -2147483648)
INSERT dbo.HopDong(MaHD, MSThue, TenNgDaiDien, SoChiNhanh, TGHieuLuc, HoaHong) VALUES (N'0000000001', 'MST0000001', N'Đinh Hoài Phong ', -2147483647, '1970-01-02', -2147483647)
INSERT dbo.HopDong(MaHD, MSThue, TenNgDaiDien, SoChiNhanh, TGHieuLuc, HoaHong) VALUES (N'0000000002', 'MST0000002', N'Đỗ Quang Như ', -2147483646, '1970-01-03', -2147483646)
INSERT dbo.HopDong(MaHD, MSThue, TenNgDaiDien, SoChiNhanh, TGHieuLuc, HoaHong) VALUES (N'0000000003', 'MST0000003', N'Đỗ Trần Kim ', -2147483645, '1970-01-04', -2147483645)
INSERT dbo.HopDong(MaHD, MSThue, TenNgDaiDien, SoChiNhanh, TGHieuLuc, HoaHong) VALUES (N'0000000004', 'MST0000004', N'Đoàn Đình Xuân Oanh ', -2147483644, '1970-01-05', -2147483644)
INSERT dbo.HopDong(MaHD, MSThue, TenNgDaiDien, SoChiNhanh, TGHieuLuc, HoaHong) VALUES (N'0000000005', 'MST0000005', N'Đoàn Ngọc Đức ', -2147483643, '1970-01-06', -2147483643)
INSERT dbo.HopDong(MaHD, MSThue, TenNgDaiDien, SoChiNhanh, TGHieuLuc, HoaHong) VALUES (N'0000000006', 'MST0000006', N'Dương Thụy Phát ', -2147483642, '1970-01-07', -2147483642)
INSERT dbo.HopDong(MaHD, MSThue, TenNgDaiDien, SoChiNhanh, TGHieuLuc, HoaHong) VALUES (N'0000000007', 'MST0000007', N'Hoàng An Thị Tú ', -2147483641, '1970-01-08', -2147483641)
INSERT dbo.HopDong(MaHD, MSThue, TenNgDaiDien, SoChiNhanh, TGHieuLuc, HoaHong) VALUES (N'0000000008', 'MST0000008', N'Hứa Hùng Vinh ', -2147483640, '1970-01-09', -2147483640)
INSERT dbo.HopDong(MaHD, MSThue, TenNgDaiDien, SoChiNhanh, TGHieuLuc, HoaHong) VALUES (N'0000000009', 'MST0000009', N'Lữ Văn Mến ', -2147483639, '1970-01-10', -2147483639)
INSERT dbo.HopDong(MaHD, MSThue, TenNgDaiDien, SoChiNhanh, TGHieuLuc, HoaHong) VALUES (N'0000000010', 'MST0000010', N'Lưu Bá Phát ', -2147483638, '1970-01-11', -2147483638)
INSERT dbo.HopDong(MaHD, MSThue, TenNgDaiDien, SoChiNhanh, TGHieuLuc, HoaHong) VALUES (N'0000000011', 'MST0000011', N'Lưu Hồng Hồng Chi ', -2147483637, '1970-01-12', -2147483637)
INSERT dbo.HopDong(MaHD, MSThue, TenNgDaiDien, SoChiNhanh, TGHieuLuc, HoaHong) VALUES (N'0000000012', 'MST0000012', N'Mai Bảo Xuân Đức ', -2147483636, '1970-01-13', -2147483636)
INSERT dbo.HopDong(MaHD, MSThue, TenNgDaiDien, SoChiNhanh, TGHieuLuc, HoaHong) VALUES (N'0000000013', 'MST0000013', N'Phạm Hồng Bảo Nhật ', -2147483635, '1970-01-14', -2147483635)
INSERT dbo.HopDong(MaHD, MSThue, TenNgDaiDien, SoChiNhanh, TGHieuLuc, HoaHong) VALUES (N'0000000014', 'MST0000014', N'Phan Hồng Đình Hân ', -2147483634, '1970-01-15', -2147483634)
INSERT dbo.HopDong(MaHD, MSThue, TenNgDaiDien, SoChiNhanh, TGHieuLuc, HoaHong) VALUES (N'0000000015', 'MST0000015', N'Phan Thụy Lợi ', -2147483633, '1970-01-16', -2147483633)
INSERT dbo.HopDong(MaHD, MSThue, TenNgDaiDien, SoChiNhanh, TGHieuLuc, HoaHong) VALUES (N'0000000016', 'MST0000016', N'Trần Duy Phong ', -2147483632, '1970-01-17', -2147483632)
INSERT dbo.HopDong(MaHD, MSThue, TenNgDaiDien, SoChiNhanh, TGHieuLuc, HoaHong) VALUES (N'0000000017', 'MST0000017', N'Trần Tuấn Thanh Vy ', -2147483631, '1970-01-18', -2147483631)
INSERT dbo.HopDong(MaHD, MSThue, TenNgDaiDien, SoChiNhanh, TGHieuLuc, HoaHong) VALUES (N'0000000018', 'MST0000018', N'Trương Thanh Đình Khoa ', -2147483630, '1970-01-19', -2147483630)
INSERT dbo.HopDong(MaHD, MSThue, TenNgDaiDien, SoChiNhanh, TGHieuLuc, HoaHong) VALUES (N'0000000019', 'MST0000019', N'Trương Thị Bá Ngọc ', -2147483629, '1970-01-20', -2147483629)
GO

--UPDATE CT_DonHang SET 
--  GiaBan = sp.GiaBan
--FROM SanPham sp
--WHERE CT_DonHang.MaSP=sp.MaSP
--GO
----
---- Enabling DML triggers for dbo.DoiTac
----
--ENABLE TRIGGER ALL ON dbo.DoiTac
--GO
--
----
---- Enabling DML triggers for dbo.ChiNhanh
----
--ENABLE TRIGGER ALL ON dbo.ChiNhanh
--GO
--
----
---- Enabling DML triggers for dbo.CT_DonHang
----
--ENABLE TRIGGER ALL ON dbo.CT_DonHang
--GO

--
-- Set NOEXEC to off
--

SET NOEXEC OFF
GO